{"cameraMode":{"drawMode":0,"name":"Shaded","section":"Shading Mode"},"sceneLighting":true,"audioPlay":false,"sceneViewState":{"m_AlwaysRefresh":false,"showFog":true,"showSkybox":true,"showFlares":true,"showImageEffects":true,"showParticleSystems":true,"showVisualEffectGraphs":true,"m_FxEnabled":false},"in2DMode":false,"pivot":{"x":-3.0560996532440187,"y":-2.635377883911133,"z":18.987224578857423},"rotation":{"x":-0.11873631924390793,"y":0.11402267962694168,"z":-0.013734404928982258,"w":-0.9862939119338989},"size":17.39151954650879,"orthographic":false}